note,ED01r1,ED01r2,ED01r3,ED02r1,ED02r2,ED02r3,ED03r1,ED03r2,ED03r3,ED04r1,ED04r2,ED04r3,ED05r1,ED05r2,ED05r3,EJ06r1,EJ06r2,EJ06r3,EJ07r1,EJ07r2,EJ07r3,EJ08r1,EJ08r2,EJ08r3,EJ09r1,EJ09r2,EJ09r3,EJ10r1,EJ10r2,EJ10r3,QQ00r0,ED01,ED02,ED03,ED04,ED05,EJ06,EJ07,EJ08,EJ09,EJ10,QQ00,ED,EJ,QQ,histone,histone_pep
H3_3_8_K4_p,86.46,85.94,85.22,89.53,89.28,92.74,85.34,86.13,84.54,87.46,88.62,89.11,89.23,89.13,88.76,87.41,87.96,87.73,92.69,93.84,91.59,91.65,92.03,91.33,91.62,91.9,90.95,89.28,87.82,90.01,90.18,85.86,90.75,85.35,88.4,89.04,87.71,92.79,91.69,91.49,89.06,90.18,89.06,91.12,90.18,H3,H3_3_8
H3_3_8_K4_m1,13.46,13.97,14.29,9.94,10.19,6.85,14.21,13.08,14.73,12.34,10.73,10.12,10.13,10.23,10.57,12.37,11.65,11.45,6.9,6.02,8.06,7.96,7.47,8.36,8.15,7.96,8.99,10.15,11.96,9.35,9.48,13.91,8.77,13.99,11.06,10.31,11.81,6.92,7.91,8.36,10.46,9.48,10.39,8.53,9.48,H3,H3_3_8
H3_3_8_K4_m2,0.02,0.03,0.43,0.46,0.45,0.36,0.42,0.68,0.64,0.19,0.57,0.67,0.56,0.56,0.58,0.21,0.36,0.71,0.35,0.13,0.31,0.34,0.42,0.27,0.22,0.13,0.06,0.5,0.2,0.56,0.3,0.17,0.42,0.58,0.48,0.56,0.43,0.26,0.35,0.14,0.42,0.3,0.48,0.31,0.3,H3,H3_3_8
H3_3_8_K4_me3,0.06,0.06,0.06,0.07,0.08,0.06,0.03,0.12,0.09,0.01,0.07,0.1,0.08,0.08,0.09,0.0,0.02,0.11,0.05,0.01,0.04,0.05,0.08,0.04,0.01,0.0,0.0,0.08,0.02,0.09,0.04,0.06,0.07,0.08,0.06,0.08,0.05,0.03,0.05,0.01,0.06,0.04,0.07,0.04,0.04,H3,H3_3_8
H3_9_17_K9K14_pp,42.22,39.45,37.93,55.32,55.4,52.18,32.98,34.18,32.69,41.49,42.29,45.61,38.17,38.66,39.59,41.38,40.83,42.64,52.14,50.22,51.57,48.68,47.77,48.4,45.08,45.82,46.76,39.73,39.79,40.05,46.58,39.88,54.36,33.28,43.11,38.8,41.63,51.35,48.28,45.91,39.86,46.58,44.68,46.12,46.58,H3,H3_9_17
H3_9_17_K9K14_met1/ac,10.01,10.21,10.4,5.36,5.59,5.98,12.15,12.34,11.88,7.41,8.16,7.86,11.43,10.82,10.82,9.98,9.76,9.11,5.95,6.06,5.88,7.13,7.21,7.0,8.11,8.19,7.95,8.47,8.48,7.89,7.8,10.21,5.64,12.13,7.8,11.03,9.61,5.96,7.11,8.08,8.28,7.8,8.45,7.51,7.8,H3,H3_9_17
H3_9_17_K9K14_m1p,12.62,13.33,13.84,12.45,12.09,12.01,12.5,12.44,12.75,10.03,11.04,10.42,10.05,9.85,9.9,11.66,11.74,11.31,10.69,11.69,10.73,13.3,12.51,12.74,10.74,11.31,10.83,9.79,9.44,9.82,11.22,13.26,12.19,12.56,10.48,9.93,11.57,11.01,12.85,10.96,9.68,11.22,11.26,11.3,11.22,H3,H3_9_17
H3_9_17_K9K14_m2p,4.34,4.79,3.87,3.33,3.07,3.31,4.81,4.03,5.09,5.76,4.88,3.96,3.1,3.56,3.7,4.84,4.89,3.98,3.13,2.9,2.92,3.49,3.36,3.52,3.94,3.26,4.09,5.13,7.19,6.27,4.16,4.33,3.23,4.65,4.89,3.45,4.56,2.99,3.46,3.77,6.21,4.16,3.9,4.1,4.16,H3,H3_9_17
H3_9_17_K9K14_m3p,2.44,2.52,2.57,2.06,1.95,2.13,2.99,2.43,2.64,2.97,2.75,2.21,1.77,1.84,1.9,2.54,2.26,2.15,1.85,1.87,1.94,2.15,2.1,2.1,1.88,1.72,1.76,2.88,3.85,2.89,1.77,2.51,2.04,2.69,2.65,1.83,2.32,1.89,2.12,1.78,3.21,1.77,2.23,2.25,1.77,H3,H3_9_17
H3_9_17_K9K14_acp/pac,26.43,27.63,29.41,20.7,21.13,23.68,31.79,31.88,32.37,31.28,29.75,28.82,34.78,34.59,33.34,29.11,30.01,30.33,25.77,26.75,26.51,24.77,26.52,25.73,30.05,29.5,28.44,33.46,30.74,32.58,27.89,27.82,21.78,32.01,29.98,34.24,29.83,26.33,25.67,29.31,32.24,27.89,28.4,28.28,27.89,H3,H3_9_17
H3_9_17_K9K14_acac,1.95,2.07,1.98,0.78,0.77,0.71,2.78,2.7,2.57,1.06,1.12,1.11,0.71,0.69,0.75,0.49,0.5,0.47,0.46,0.5,0.46,0.47,0.53,0.51,0.2,0.19,0.17,0.54,0.51,0.5,0.58,2.0,0.76,2.68,1.1,0.72,0.49,0.47,0.5,0.18,0.51,0.58,1.08,0.43,0.58,H3,H3_9_17
H3_18_26_K18K23_pp,57.31,57.8,56.11,68.54,70.17,72.1,53.4,47.41,53.21,62.2,62.74,60.81,48.67,47.39,47.02,56.18,50.57,50.92,67.03,66.71,66.2,70.41,72.74,72.37,61.26,57.45,61.4,59.85,57.81,58.96,61.19,57.04,70.25,51.36,61.92,47.69,52.57,66.64,71.86,59.99,58.87,61.19,58.8,62.76,61.19,H3,H3_18_26
H3_18_26_K18K23_acp,2.75,2.93,2.97,1.83,1.59,1.69,3.28,3.2,3.83,2.2,2.33,2.4,1.54,1.33,1.58,0.6,0.57,0.5,1.13,1.03,1.0,1.59,1.56,1.61,0.4,0.41,0.46,1.28,1.19,1.4,1.33,2.89,1.7,3.44,2.31,1.48,0.56,1.05,1.59,0.42,1.29,1.33,2.2,1.03,1.33,H3,H3_18_26
H3_18_26_K18K23_pac,37.18,36.5,38.98,28.53,27.17,25.2,40.29,45.81,40.07,34.07,33.41,34.98,48.55,50.12,50.07,42.72,48.35,48.08,31.26,31.7,32.23,27.3,25.04,25.33,38.06,41.88,37.87,38.02,40.12,38.78,36.56,37.61,26.98,42.03,34.15,49.59,46.38,31.73,25.87,39.32,38.98,36.56,37.27,35.62,36.56,H3,H3_18_26
H3_18_26_K18K23_acac,2.76,2.76,1.94,1.11,1.06,1.01,3.03,3.58,2.89,1.54,1.52,1.8,1.23,1.16,1.32,0.5,0.5,0.5,0.59,0.56,0.58,0.71,0.66,0.69,0.27,0.26,0.27,0.86,0.88,0.85,0.92,2.47,1.06,3.17,1.62,1.24,0.5,0.58,0.68,0.27,0.86,0.92,1.72,0.59,0.92,H3,H3_18_26
H3_27_40_K27K36K37_ppp,9.95,9.99,10.57,10.49,10.67,11.19,8.36,8.27,8.72,10.5,10.59,11.22,10.57,10.57,11.04,9.34,9.07,9.08,10.99,10.44,11.22,9.3,9.24,9.24,8.4,8.64,8.79,9.52,9.66,9.48,10.37,10.17,10.77,8.45,10.78,10.73,9.16,10.89,9.26,8.61,9.56,10.37,10.33,9.5,10.37,H3,H3_27_40
H3_27_40_K27K36K37_pm1p,22.8,21.58,21.33,21.48,21.64,22.15,19.34,19.2,19.19,21.0,19.71,20.51,20.76,21.29,21.7,19.99,20.61,20.16,22.33,25.41,23.64,20.76,20.22,21.58,20.52,21.33,21.14,18.12,19.56,18.75,22.04,21.91,21.74,19.25,20.39,21.25,20.25,23.77,20.87,21.01,18.81,22.04,20.9,20.93,22.04,H3,H3_27_40
H3_27_40_K27K36K37_m1pp,1.43,1.44,1.5,0.2,0.21,0.22,0.41,0.43,0.42,0.25,0.27,0.28,0.34,0.34,0.35,0.92,0.96,0.99,0.18,0.17,0.18,0.07,0.08,0.07,0.18,0.18,0.18,0.43,0.36,0.43,0.34,1.46,0.21,0.42,0.27,0.34,0.96,0.18,0.07,0.18,0.41,0.34,0.39,0.32,0.34,H3,H3_27_40
H3_27_40_K27K36K37_m2pp,13.07,13.11,12.83,11.72,11.25,11.85,13.35,13.83,13.6,13.62,14.82,14.73,12.58,12.62,12.4,14.39,14.6,14.84,11.6,11.18,11.54,13.11,13.58,13.22,12.54,12.84,13.02,13.48,12.93,12.64,12.16,13.0,11.6,13.59,14.41,12.53,14.61,11.44,13.3,12.8,13.01,12.16,12.92,12.95,12.16,H3,H3_27_40
H3_27_40_K27K36K37_pm2p,9.98,9.73,9.57,12.43,11.94,11.12,9.16,9.38,9.15,11.85,11.3,11.45,11.58,11.19,11.84,12.24,11.92,11.94,13.25,12.26,12.1,12.92,12.13,12.31,11.79,11.7,12.24,14.26,14.86,14.38,11.52,9.76,11.85,9.23,11.53,11.54,12.03,12.54,12.45,11.91,14.5,11.52,11.11,12.76,11.52,H3,H3_27_40
H3_27_40_K27K36K37_m3pp,3.34,3.19,3.32,3.1,2.99,3.14,4.07,4.26,4.19,4.02,4.2,4.23,3.56,3.67,3.53,3.87,3.86,3.9,3.19,2.97,3.18,3.71,3.94,3.78,3.25,3.37,3.45,3.85,3.66,3.53,3.34,3.28,3.07,4.17,4.16,3.59,3.88,3.11,3.81,3.36,3.68,3.34,3.65,3.56,3.34,H3,H3_27_40
H3_27_40_K27K36K37_pm3p,0.6,0.54,0.8,0.65,0.66,0.43,0.26,0.5,0.28,0.25,0.57,0.63,0.53,0.51,0.34,0.76,0.75,0.72,0.6,0.55,0.53,0.65,0.57,0.47,0.5,0.48,0.47,0.73,0.82,0.55,0.58,0.65,0.59,0.35,0.49,0.46,0.74,0.56,0.56,0.48,0.7,0.58,0.5,0.6,0.58,H3,H3_27_40
H3_27_40_K27K36K37_m2m1p,12.52,12.13,13.46,13.89,14.25,14.13,19.15,18.58,18.59,14.01,14.08,13.48,17.45,17.38,16.45,15.71,15.02,15.84,14.32,12.54,13.84,15.37,14.57,14.35,16.06,15.06,14.86,13.51,14.53,14.21,15.27,12.7,14.09,18.78,13.85,17.09,15.53,13.58,14.75,15.31,14.09,15.27,15.48,14.6,15.27,H3,H3_27_40
H3_27_40_K27K36K37_m1m2p,15.24,15.48,15.96,14.45,15.0,14.57,13.64,13.64,14.3,13.71,13.32,12.98,12.26,12.01,12.08,13.48,13.28,12.96,12.59,13.28,13.23,13.64,14.81,13.78,14.65,14.98,14.58,16.63,14.07,16.82,13.26,15.56,14.67,13.85,13.33,12.12,13.24,13.03,14.07,14.74,15.85,13.26,13.64,14.28,13.26,H3,H3_27_40
H3_27_40_K27K36K37_m1m1p,10.8,12.51,10.37,11.46,11.23,11.18,11.92,11.53,11.25,10.61,10.96,10.3,10.23,10.26,10.14,9.22,9.86,9.52,10.87,11.11,10.44,10.34,10.75,11.12,12.05,11.39,11.24,9.36,9.44,9.11,10.99,11.22,11.3,11.57,10.63,10.21,9.53,10.8,10.75,11.55,9.3,10.99,10.9,10.43,10.99,H3,H3_27_40
H3_27_40_K27K36K37_acpp,0.27,0.28,0.28,0.13,0.14,0.02,0.33,0.36,0.31,0.18,0.16,0.17,0.13,0.15,0.13,0.06,0.06,0.06,0.08,0.08,0.09,0.1,0.09,0.09,0.03,0.03,0.03,0.08,0.09,0.09,0.12,0.28,0.1,0.33,0.17,0.13,0.06,0.08,0.09,0.03,0.08,0.12,0.18,0.07,0.12,H3,H3_27_40
H3_27_40_K27K36K37_pacp,0.01,0.01,0.01,0.01,0.01,0.01,0.01,0.01,0.0,0.01,0.01,0.01,0.01,0.02,0.01,0.01,0.01,0.01,0.02,0.01,0.02,0.01,0.02,0.01,0.02,0.01,0.01,0.01,0.01,0.01,0.01,0.01,0.01,0.01,0.01,0.01,0.01,0.02,0.01,0.01,0.01,0.01,0.01,0.01,0.01,H3,H3_27_40
H3_54_63_K56_p,99.92,99.81,99.86,99.85,99.89,99.9,99.86,99.87,99.82,99.83,99.82,99.83,99.83,99.81,99.84,99.88,99.85,99.84,99.8,99.85,99.85,99.86,99.85,99.84,99.85,99.84,99.83,99.81,99.77,99.8,99.81,99.86,99.88,99.85,99.83,99.82,99.86,99.83,99.85,99.84,99.79,99.81,99.85,99.83,99.81,H3,H3_54_63
H3_54_63_K56_ac,0.08,0.19,0.14,0.15,0.11,0.1,0.14,0.13,0.18,0.17,0.18,0.17,0.17,0.19,0.16,0.12,0.15,0.16,0.2,0.15,0.15,0.14,0.15,0.16,0.15,0.16,0.17,0.19,0.23,0.2,0.19,0.14,0.12,0.15,0.17,0.18,0.14,0.17,0.15,0.16,0.21,0.19,0.15,0.17,0.19,H3,H3_54_63
H3_73_83_K79_p,87.46,87.44,88.46,85.81,86.34,85.66,84.83,86.59,86.55,85.66,85.03,86.84,86.94,87.23,87.29,86.72,85.6,86.49,86.53,86.64,87.06,86.16,85.54,86.6,86.71,86.59,85.99,85.69,85.86,86.31,87.45,87.79,85.95,85.98,85.86,87.15,86.27,86.75,86.13,86.42,85.96,87.45,86.47,86.29,87.45,H3,H3_73_83
H3_73_83_K79_m1,11.6,11.56,10.59,13.03,12.6,13.24,14.12,12.39,12.39,13.11,13.78,12.14,12.19,11.92,11.83,12.25,13.39,12.42,12.51,12.46,11.99,12.9,13.54,12.61,12.27,12.45,12.99,12.92,12.84,12.52,11.65,11.25,12.94,12.97,12.99,11.98,12.68,12.31,12.99,12.58,12.75,11.65,12.5,12.67,11.65,H3,H3_73_83
H3_73_83_K79_m2,0.79,0.84,0.79,0.98,0.89,0.91,0.87,0.84,0.88,0.99,0.98,0.82,0.7,0.68,0.72,0.89,0.88,0.97,0.76,0.73,0.76,0.76,0.75,0.63,0.88,0.8,0.86,1.17,1.09,0.99,0.74,0.81,0.93,0.86,0.93,0.7,0.91,0.75,0.71,0.84,1.08,0.74,0.84,0.87,0.74,H3,H3_73_83
H3_73_83_K79_ac,0.14,0.16,0.15,0.19,0.17,0.18,0.18,0.18,0.18,0.24,0.21,0.21,0.18,0.18,0.16,0.14,0.14,0.13,0.19,0.17,0.19,0.18,0.17,0.16,0.15,0.16,0.16,0.23,0.22,0.19,0.17,0.15,0.18,0.18,0.22,0.17,0.14,0.19,0.17,0.16,0.21,0.17,0.18,0.17,0.17,H3,H3_73_83
H3_117_128_K122_p,99.68,99.61,99.67,99.38,99.36,99.43,99.51,99.32,99.55,99.43,99.56,99.34,99.55,99.57,99.68,99.76,99.71,99.63,99.75,99.79,99.74,99.78,99.83,99.82,99.67,99.67,99.8,99.78,99.81,99.79,99.71,99.66,99.39,99.46,99.44,99.6,99.7,99.76,99.81,99.71,99.79,99.71,99.49,99.76,99.71,H3,H3_117_128
H3_117_128_K122_ac,0.32,0.39,0.33,0.62,0.64,0.57,0.49,0.68,0.45,0.57,0.44,0.66,0.45,0.43,0.32,0.24,0.29,0.37,0.25,0.21,0.26,0.22,0.17,0.18,0.33,0.33,0.2,0.22,0.19,0.21,0.29,0.34,0.61,0.54,0.56,0.4,0.3,0.24,0.19,0.29,0.21,0.29,0.51,0.24,0.29,H3,H3_117_128
H4_4_17_K5K8K12K16_4p ,52.85,49.9,54.49,79.59,80.65,80.71,51.27,51.68,51.15,75.0,75.21,73.23,81.31,81.74,82.34,83.42,83.55,84.25,83.62,83.88,85.59,84.23,84.55,84.46,87.58,87.84,90.67,82.23,80.9,82.46,82.86,52.5,80.32,51.37,74.49,81.8,83.75,84.36,84.41,88.67,81.89,82.86,74.13,84.44,82.86,H4,H4_4_17
H4_4_17_K5K8K12K16_3p1ac1,1.33,1.47,1.43,2.24,2.07,2.06,1.97,1.72,2.02,1.85,1.86,1.66,2.98,3.0,2.98,2.37,2.21,2.22,3.76,4.15,4.06,2.6,2.81,2.65,2.68,2.55,2.8,3.09,3.43,2.92,2.7,1.41,2.12,1.9,1.79,2.99,2.27,3.98,2.69,2.67,3.14,2.7,2.17,3.04,2.7,H4,H4_4_17
H4_4_17_K5K8K12K16_3p1ac2,0.46,0.44,0.43,0.4,0.29,0.42,0.55,0.5,0.53,0.29,0.34,0.23,0.37,0.41,0.34,0.17,0.32,0.19,0.24,0.33,0.34,0.57,0.5,0.34,0.28,0.38,0.28,0.32,0.37,0.46,0.41,0.44,0.37,0.53,0.29,0.37,0.22,0.3,0.47,0.32,0.39,0.41,0.36,0.36,0.41,H4,H4_4_17
H4_4_17_K5K8K12K16_3p1ac3,11.84,12.82,11.6,9.15,8.8,8.78,16.64,17.91,17.92,11.03,9.9,11.91,11.58,11.07,10.68,5.11,5.2,4.97,8.46,8.07,8.14,8.29,7.71,8.35,5.11,4.89,5.36,8.64,9.46,8.44,8.64,12.06,8.91,17.48,10.94,11.11,5.09,8.23,8.12,5.11,8.83,8.64,11.1,7.54,8.64,H4,H4_4_17
H4_4_17_K5K8K12K16_2p2ac1,0.05,0.06,0.05,0.04,0.04,0.04,0.07,0.06,0.06,0.04,0.04,0.05,0.06,0.06,0.05,0.05,0.05,0.04,0.07,0.06,0.07,0.05,0.04,0.05,0.03,0.03,0.03,0.07,0.08,0.07,0.05,0.05,0.04,0.06,0.04,0.06,0.05,0.07,0.05,0.03,0.07,0.05,0.05,0.05,0.05,H4,H4_4_17
H4_4_17_K5K8K12K16_2p2ac2,1.59,1.67,1.65,1.17,1.07,1.02,2.15,1.98,2.23,1.13,1.15,1.21,1.29,1.3,1.22,0.62,0.64,0.66,0.98,0.96,1.03,0.89,0.88,0.89,0.42,0.42,0.47,1.07,1.09,1.03,0.99,1.64,1.08,2.12,1.16,1.27,0.64,0.99,0.89,0.43,1.06,0.99,1.29,0.85,0.99,H4,H4_4_17
H4_4_17_K5K8K12K16_2p2ac3,0.37,0.39,0.39,0.3,0.27,0.26,0.52,0.49,0.57,0.29,0.32,0.31,0.34,0.31,0.32,0.13,0.13,0.14,0.19,0.2,0.2,0.23,0.23,0.23,0.1,0.09,0.1,0.26,0.27,0.25,0.26,0.38,0.28,0.52,0.31,0.32,0.13,0.19,0.23,0.1,0.26,0.26,0.33,0.2,0.26,H4,H4_4_17
H4_4_17_K5K8K12K16_1p3ac1,0.14,0.14,0.13,0.09,0.08,0.08,0.16,0.14,0.16,0.08,0.09,0.09,0.09,0.08,0.07,0.06,0.06,0.06,0.07,0.07,0.07,0.06,0.06,0.06,0.02,0.02,0.02,0.11,0.09,0.1,0.07,0.14,0.08,0.15,0.09,0.08,0.06,0.07,0.06,0.02,0.1,0.07,0.09,0.07,0.07,H4,H4_4_17
H4_4_17_K5K8K12K16_1p3ac2,0.09,0.12,0.1,0.06,0.06,0.07,0.13,0.14,0.15,0.05,0.06,0.07,0.06,0.07,0.06,0.04,0.04,0.04,0.04,0.04,0.03,0.04,0.04,0.03,0.02,0.01,0.02,0.05,0.05,0.05,0.05,0.1,0.06,0.14,0.06,0.06,0.04,0.04,0.03,0.02,0.05,0.05,0.07,0.04,0.05,H4,H4_4_17
H4_4_17_K5K8K12K16_1p3ac3,0.04,0.04,0.04,0.03,0.03,0.03,0.06,0.05,0.06,0.03,0.03,0.03,0.05,0.05,0.04,0.02,0.02,0.01,0.02,0.02,0.02,0.03,0.02,0.02,0.01,0.01,0.01,0.03,0.03,0.03,0.03,0.04,0.03,0.06,0.03,0.05,0.02,0.02,0.02,0.01,0.03,0.03,0.04,0.02,0.03,H4,H4_4_17
H4_4_17_K5K8K12K16_4ac,31.26,32.96,29.68,6.95,6.64,6.55,26.5,25.33,25.16,10.2,10.98,11.21,1.87,1.9,1.91,8.02,7.78,7.42,2.55,2.24,0.45,3.02,3.16,2.93,3.75,3.75,0.25,4.14,4.22,4.17,3.94,31.24,6.71,25.67,10.8,1.89,7.74,1.74,3.04,2.62,4.18,3.94,10.37,3.39,3.94,H4,H4_4_17
H4_20_23_K20_p,6.95,7.1,6.45,4.09,3.9,3.86,10.07,9.98,9.81,5.63,6.07,5.77,6.39,6.29,6.4,1.98,1.79,1.78,3.03,3.31,3.15,3.33,3.38,3.31,1.49,1.4,1.5,4.22,4.04,4.08,3.85,6.83,3.95,9.95,5.83,6.36,1.85,3.16,3.34,1.46,4.12,3.85,5.87,3.05,3.85,H4,H4_20_23
H4_20_23_K20_m1,60.06,58.49,58.38,66.41,65.64,66.75,57.95,59.34,58.15,58.87,58.26,60.34,40.36,42.59,40.96,56.09,56.34,58.22,56.21,60.43,55.47,53.0,54.49,51.15,55.82,52.49,53.17,50.42,50.56,50.69,53.04,58.98,66.25,58.48,59.17,41.29,56.9,57.29,52.84,53.77,50.56,53.04,55.53,53.68,53.04,H4,H4_20_23
H4_20_23_K20_m2,32.28,33.76,34.53,28.85,29.84,28.77,31.66,30.39,31.72,35.25,35.47,33.69,52.63,50.42,51.99,41.16,41.12,39.32,40.22,35.71,40.82,43.21,41.69,45.08,42.05,45.55,44.64,44.79,44.72,44.69,42.43,33.53,29.17,31.26,34.79,51.69,40.52,39.01,43.37,44.14,44.74,42.43,38.09,42.71,42.43,H4,H4_20_23
H4_20_23_K20_m3,0.71,0.65,0.64,0.65,0.62,0.62,0.32,0.29,0.32,0.25,0.2,0.2,0.62,0.7,0.66,0.76,0.75,0.68,0.54,0.55,0.56,0.46,0.45,0.46,0.64,0.56,0.69,0.56,0.68,0.54,0.69,0.67,0.63,0.31,0.21,0.66,0.73,0.55,0.45,0.63,0.59,0.69,0.5,0.57,0.69,H4,H4_20_23
